0.00294,0.00436,0.00344,0.00311,0.00292,0.00263,0.00267,0.00274,0.00277,0.00343,0.00311,0.00407,0.00363,0.00447,0.0048,0.00618,0.00627,0.00749,0.00857,0.00937,0.00991,0.011,0.01195,0.0121,0.01246,0.01284,0.01473,0.01607,0.01609,0.01494,0.01367,0.01275,0.01194,0.01206,0.01194,0.01082,0.01034,0.0107,0.01044,0.01103,0.01281,0.01301,0.01335,0.01372,0.01406,0.01331,0.01425,0.01494,0.01487,0.01321,0.01394,0.01568,0.01577,0.01597,0.01372,0.01209,0.01293,0.01124,0.01105,0.01087,0.01036,0.01119,0.01095,0.01155,0.01105,0.00967,0.00868,0.00706,0.00749,0.00563,0.00515,0.00438,0.012256175,0.012204787,0.012411209,0.012555392,0.012413251,0.012516619,0.012626147,0.01266931,0.012708758,0.012885914,0.013024392,0.013063346,0.013193008,0.013364639,0.013478605,0.013563917,0.013710787,0.013847634,0.013935693,0.014050454,0.014192842,0.014306237,0.014402776,0.01453208,0.014665306,0.014774817,0.014892665,0.015029552,0.015156403,0.015273669,0.015406275,0.01554408,0.015670222,0.015798268
0.01127,0.01111,0.01135,0.01217,0.01199,0.01193,0.011,0.01133,0.01112,0.01246,0.01316,0.0161,0.01688,0.01795,0.01948,0.02236,0.02599,0.02806,0.02943,0.0358,0.03513,0.03537,0.03796,0.03943,0.03988,0.04379,0.04281,0.04747,0.04672,0.04425,0.03912,0.03342,0.03181,0.03016,0.03048,0.03088,0.0278,0.02982,0.02719,0.02851,0.03203,0.03,0.03147,0.03096,0.031,0.03285,0.03435,0.03306,0.0325,0.02955,0.0314,0.03276,0.03501,0.03487,0.03393,0.03126,0.02847,0.02903,0.02865,0.02699,0.02691,0.02706,0.0283,0.02576,0.02423,0.02348,0.02191,0.01887,0.01796,0.01526,0.01338,0.01276,0.029523503,0.029464406,0.029701013,0.029865061,0.029703344,0.029821044,0.029945204,0.02999398,0.03003848,0.030237442,0.030391971,0.030435284,0.030578974,0.030768042,0.030892886,0.030985979,0.031145532,0.031293393,0.031388136,0.031511138,0.031663023,0.031783411,0.031885512,0.032021705,0.032161369,0.032275674,0.032398189,0.032539861,0.032670544,0.032790846,0.032926303,0.033066427,0.033194124,0.033323197
0.02457,0.02608,0.02902,0.02825,0.03242,0.03035,0.02793,0.02973,0.03161,0.03295,0.03351,0.03929,0.04316,0.04563,0.04648,0.04883,0.05275,0.05762,0.06001,0.06292,0.06997,0.06838,0.07529,0.07488,0.07548,0.07285,0.08067,0.07394,0.06968,0.0688,0.06437,0.05651,0.0509,0.05081,0.05035,0.04966,0.04779,0.04602,0.0426,0.04404,0.04594,0.0467,0.04824,0.04616,0.04485,0.04598,0.04899,0.05032,0.04811,0.04367,0.04212,0.04643,0.04574,0.04556,0.04722,0.04478,0.04406,0.04114,0.04101,0.04078,0.04022,0.03939,0.03817,0.03986,0.03454,0.03208,0.02788,0.03005,0.02531,0.02321,0.02019,0.01887,0.042908943,0.042915199,0.042890236,0.042873053,0.042889991,0.042877653,0.042864695,0.04285962,0.042854998,0.042834422,0.04281854,0.042814104,0.042799437,0.042780249,0.042767649,0.042758289,0.042742316,0.042727592,0.042718196,0.042706044,0.042691108,0.042679323,0.042669367,0.042656138,0.042642635,0.042631631,0.042619883,0.042606356,0.042593935,0.042582548,0.042569779,0.04255663,0.042544699,0.042532689
0.04806,0.04625,0.05617,0.05858,0.06075,0.05782,0.05568,0.05599,0.05877,0.0617,0.06618,0.07287,0.07645,0.08112,0.08618,0.08655,0.0849,0.09396,0.0983,0.10326,0.09865,0.11155,0.10988,0.10917,0.10787,0.10979,0.10322,0.10057,0.09267,0.08982,0.08346,0.07584,0.06807,0.06919,0.06822,0.06899,0.06547,0.06373,0.05848,0.05528,0.05776,0.05784,0.05864,0.05906,0.05519,0.05621,0.05823,0.05633,0.05151,0.04946,0.04941,0.05182,0.05487,0.05134,0.05015,0.05307,0.05302,0.04977,0.04793,0.04828,0.04806,0.04574,0.05028,0.04922,0.04584,0.04279,0.04008,0.03679,0.03474,0.03278,0.02962,0.02978,0.052738026,0.052838032,0.052439964,0.052167572,0.052436073,0.052240374,0.052035556,0.051955546,0.051882769,0.05155993,0.051312027,0.051242981,0.051015287,0.050718837,0.050525023,0.05038149,0.050137429,0.049913413,0.049770953,0.049587245,0.049362314,0.049185514,0.049036588,0.048839373,0.048638821,0.048475938,0.048302598,0.048103737,0.047921788,0.047755542,0.047569765,0.047379146,0.047206797,0.047033895
0.07226,0.07935,0.08275,0.08701,0.08885,0.08667,0.08978,0.09109,0.09031,0.09862,0.09833,0.10678,0.11341,0.11819,0.12236,0.12615,0.12169,0.13037,0.13185,0.14101,0.1393,0.13396,0.14812,0.14329,0.13927,0.1308,0.131,0.11521,0.11062,0.1052,0.10168,0.09195,0.08624,0.08358,0.08302,0.08313,0.08218,0.07703,0.07261,0.0696,0.07016,0.06759,0.06501,0.06954,0.06272,0.065,0.06339,0.06197,0.05642,0.05444,0.0542,0.05502,0.05559,0.05473,0.05381,0.05245,0.05416,0.05076,0.0538,0.05265,0.05271,0.05432,0.05545,0.05427,0.0529,0.05023,0.04547,0.0443,0.0408,0.03799,0.03549,0.03674,0.059435583,0.05962066,0.058885309,0.058384176,0.058878138,0.058517948,0.0581419,0.057995258,0.057861999,0.057272305,0.056821091,0.056695667,0.056282822,0.055747081,0.055397906,0.055139868,0.054702189,0.054301657,0.054047543,0.053720538,0.053321215,0.053008156,0.052745012,0.052397331,0.05204469,0.05175897,0.051455583,0.051108386,0.050791521,0.050502675,0.050180658,0.049851085,0.049553831,0.049256321
0.10307,0.11155,0.12642,0.12011,0.12063,0.11974,0.11875,0.12555,0.12728,0.1362,0.1401,0.14685,0.15439,0.16276,0.16628,0.17117,0.17181,0.17673,0.16718,0.17823,0.17699,0.17036,0.16491,0.18331,0.16235,0.16146,0.15704,0.1372,0.12786,0.1242,0.11267,0.10649,0.09781,0.10174,0.09979,0.10181,0.10025,0.09516,0.09024,0.08433,0.08262,0.0807,0.08001,0.07722,0.07131,0.0724,0.07165,0.06753,0.06386,0.06023,0.05963,0.05814,0.05932,0.05777,0.05546,0.05354,0.0533,0.05711,0.05528,0.05515,0.05588,0.05433,0.05976,0.06071,0.05959,0.05358,0.05312,0.04839,0.0456,0.04355,0.04154,0.0399,0.066104184,0.066369722,0.065316099,0.064600244,0.065305844,0.064791161,0.064254796,0.064045909,0.063856219,0.063018324,0.06237888,0.062201394,0.061617984,0.06086275,0.060371646,0.060009298,0.059395814,0.05883564,0.058480863,0.05802503,0.057469475,0.057034776,0.056669961,0.056188754,0.055701625,0.055307638,0.054889978,0.054412881,0.053978282,0.053582796,0.053142664,0.05269305,0.052288264,0.051883832
0.13122,0.13294,0.1469,0.13999,0.13213,0.13471,0.13384,0.13536,0.14275,0.14994,0.15306,0.17052,0.1783,0.18034,0.18191,0.18669,0.18788,0.20232,0.19079,0.18992,0.18926,0.18618,0.18492,0.18079,0.18107,0.17087,0.16636,0.14772,0.14009,0.13032,0.12785,0.11869,0.11188,0.11285,0.1189,0.1161,0.11671,0.10877,0.10339,0.09893,0.09783,0.09152,0.0881,0.08748,0.08203,0.08279,0.07965,0.07309,0.06904,0.06506,0.06545,0.06238,0.06413,0.06092,0.05767,0.05621,0.05591,0.05502,0.05718,0.05991,0.05751,0.05943,0.06298,0.06542,0.06163,0.0588,0.05759,0.05557,0.05163,0.05058,0.04795,0.04678,0.072987699,0.073282684,0.07211226,0.071317113,0.072100868,0.071529171,0.07093342,0.070701414,0.070490732,0.069560163,0.068850043,0.068652949,0.068005107,0.067166522,0.066621251,0.066218956,0.06553787,0.064916007,0.064522178,0.064016192,0.063399546,0.062917069,0.062512176,0.061978127,0.061437535,0.061000329,0.060536873,0.06000749,0.059525287,0.059086502,0.058598206,0.058099416,0.057650379,0.057201756
0.15263,0.16331,0.17732,0.15537,0.15525,0.14573,0.1501,0.15114,0.15978,0.16847,0.17227,0.17994,0.19292,0.20515,0.19962,0.20113,0.20226,0.21779,0.21663,0.21233,0.20315,0.2045,0.20239,0.19362,0.17829,0.18978,0.17855,0.16157,0.15062,0.1432,0.13659,0.12836,0.12088,0.12059,0.12899,0.13037,0.12863,0.11944,0.11601,0.11057,0.11125,0.10467,0.10472,0.0991,0.09204,0.08942,0.09411,0.08806,0.08033,0.07775,0.07069,0.06927,0.06956,0.06601,0.06418,0.06118,0.06018,0.05926,0.06248,0.06434,0.06385,0.06737,0.06604,0.07075,0.06952,0.06557,0.06404,0.0598,0.05927,0.05462,0.05153,0.05309,0.081012235,0.081337803,0.080045988,0.079168304,0.080033414,0.07940238,0.078744765,0.078488658,0.078256088,0.077228788,0.076444801,0.076227196,0.075511914,0.074585974,0.073983868,0.073539623,0.072787481,0.072100702,0.071665743,0.07110689,0.070425782,0.069892843,0.069445584,0.068855631,0.06825842,0.067775401,0.067263362,0.066678457,0.066145654,0.065660805,0.065121223,0.064570018,0.064073772,0.063577962
0.16612,0.17956,0.19083,0.16772,0.16016,0.15809,0.15452,0.15572,0.16168,0.17452,0.18105,0.18528,0.20113,0.20733,0.20407,0.21352,0.21358,0.2191,0.2182,0.22198,0.21506,0.20536,0.20883,0.20729,0.18848,0.17816,0.19325,0.16734,0.16183,0.14884,0.14566,0.13412,0.13158,0.13056,0.13282,0.13526,0.13969,0.12759,0.12431,0.1228,0.12006,0.11556,0.11724,0.11108,0.10369,0.1036,0.10346,0.09758,0.0911,0.08166,0.08122,0.07686,0.07707,0.07313,0.0732,0.0655,0.067,0.06631,0.06521,0.06747,0.0667,0.06971,0.07288,0.07581,0.07419,0.07007,0.07043,0.06895,0.06567,0.06296,0.05869,0.05741,0.088722598,0.0890556,0.087733768,0.08683489,0.087720896,0.087074682,0.086400888,0.08613838,0.085899947,0.084846193,0.084041397,0.083817919,0.083083038,0.082131044,0.081511578,0.081054312,0.080279708,0.079571958,0.079123487,0.078547011,0.077844019,0.077293645,0.07683154,0.076221705,0.075604016,0.075104174,0.074574045,0.073968149,0.073415921,0.072913139,0.072353313,0.071781112,0.071265688,0.070750453
0.15418,0.18192,0.18933,0.16224,0.15805,0.15626,0.15882,0.15999,0.16237,0.16549,0.17628,0.18121,0.19194,0.20097,0.20274,0.21102,0.21116,0.21776,0.22384,0.22477,0.21143,0.20802,0.20437,0.20624,0.20003,0.18485,0.1791,0.18062,0.15918,0.14824,0.14914,0.14436,0.13489,0.1379,0.14574,0.14147,0.14189,0.13198,0.12943,0.12652,0.12622,0.12257,0.11933,0.12042,0.11261,0.11545,0.1108,0.10384,0.10692,0.09732,0.09178,0.08711,0.08406,0.08294,0.08009,0.07432,0.07304,0.06753,0.07368,0.07546,0.07525,0.07644,0.07569,0.08252,0.08104,0.07762,0.08082,0.07615,0.07077,0.07157,0.06774,0.0648,0.096648309,0.096964974,0.095707102,0.094850345,0.09569484,0.09507901,0.094436279,0.094185701,0.09395802,0.092950821,0.092180512,0.091966446,0.091261999,0.090348256,0.089752958,0.089313164,0.088567438,0.087885276,0.087452621,0.086896018,0.086216558,0.085684065,0.085236602,0.084645565,0.084046305,0.083560922,0.083045679,0.082456229,0.081918455,0.081428388,0.080882213,0.080323412,0.079819574,0.079315459
0.15029,0.18773,0.19262,0.16186,0.15911,0.15324,0.15205,0.1651,0.15988,0.15974,0.16907,0.18173,0.18492,0.19211,0.19305,0.20376,0.20497,0.21005,0.20942,0.21341,0.2052,0.19521,0.19277,0.19208,0.18379,0.18434,0.17499,0.15302,0.16491,0.14604,0.14271,0.13814,0.13142,0.13428,0.14293,0.14073,0.13787,0.12991,0.13117,0.12999,0.1311,0.12501,0.12251,0.12409,0.11538,0.11955,0.12083,0.11408,0.10759,0.10471,0.0993,0.09393,0.09445,0.08919,0.08353,0.08294,0.0783,0.07803,0.07535,0.08246,0.07978,0.08242,0.0843,0.08869,0.08958,0.08586,0.08598,0.08434,0.07755,0.07953,0.07438,0.07257,0.101534853,0.101827884,0.100663215,0.099868898,0.100651853,0.100080981,0.099484703,0.099252105,0.099040697,0.098104751,0.097388123,0.097188848,0.096532687,0.095680674,0.095125043,0.094714272,0.094017207,0.093378947,0.092973831,0.092452305,0.091815126,0.09131535,0.090895094,0.090339592,0.08977589,0.089318956,0.088833568,0.088277831,0.087770404,0.087307645,0.086791515,0.086263023,0.085786139,0.085308634
0.14514,0.18833,0.19141,0.159,0.15651,0.14915,0.14879,0.14268,0.15804,0.15556,0.1623,0.16508,0.1744,0.17621,0.17952,0.18344,0.19084,0.19642,0.19033,0.19144,0.1897,0.17875,0.1836,0.17374,0.16682,0.16881,0.16714,0.14793,0.13678,0.14232,0.13254,0.13123,0.12455,0.12864,0.139,0.14096,0.13165,0.12808,0.12072,0.12562,0.12679,0.123,0.12205,0.12441,0.11719,0.12328,0.12084,0.11793,0.1128,0.1093,0.10549,0.10465,0.09749,0.09473,0.08979,0.08591,0.08714,0.08301,0.085,0.0871,0.08896,0.08611,0.09465,0.09466,0.0962,0.09188,0.0874,0.09226,0.08665,0.08822,0.08446,0.08025,0.104602562,0.10485816,0.103841602,0.103147266,0.103831676,0.103332736,0.102811126,0.102607524,0.102422409,0.101602133,0.10097326,0.100798262,0.100221649,0.099472031,0.098982625,0.098620532,0.098005521,0.09744178,0.097083656,0.096622274,0.096058035,0.095615051,0.095242263,0.094749099,0.09424818,0.093841786,0.093409734,0.09291462,0.092462129,0.092049121,0.091588084,0.091115569,0.090688815,0.090261141
0.14096,0.18509,0.1874,0.15526,0.15145,0.14107,0.14117,0.14586,0.14501,0.15201,0.15264,0.16053,0.16734,0.17057,0.17213,0.17601,0.17291,0.18562,0.18228,0.18234,0.18067,0.17248,0.17161,0.16725,0.15958,0.15062,0.15196,0.13555,0.12711,0.11515,0.12239,0.11556,0.11132,0.11812,0.12977,0.12557,0.12732,0.11701,0.11579,0.1168,0.12118,0.11643,0.11781,0.11701,0.11297,0.11793,0.11738,0.11802,0.11353,0.11168,0.10488,0.10539,0.10526,0.10116,0.09901,0.09121,0.09155,0.08845,0.09391,0.09533,0.09315,0.09662,0.10075,0.10564,0.09994,0.10268,0.09605,0.09756,0.09243,0.09527,0.09503,0.09115,0.104538685,0.104775268,0.103834082,0.103190836,0.103824888,0.103362691,0.102879316,0.10269059,0.102518975,0.101758249,0.101174723,0.101012296,0.100476957,0.099780658,0.099325854,0.098989254,0.098417336,0.097892862,0.097559567,0.097130039,0.096604549,0.096191827,0.095844397,0.095384626,0.094917443,0.094538285,0.094135055,0.093672802,0.093250183,0.092864308,0.092433408,0.091991615,0.091592462,0.09119231
0.13876,0.17923,0.18183,0.15153,0.14489,0.13837,0.13689,0.13159,0.13668,0.13706,0.14593,0.14396,0.14934,0.1539,0.1579,0.1628,0.1612,0.16627,0.16314,0.16435,0.15985,0.14771,0.14531,0.14641,0.14181,0.12839,0.13215,0.11478,0.11013,0.09982,0.09431,0.10511,0.09766,0.10479,0.11452,0.11175,0.11402,0.10729,0.10447,0.10812,0.10673,0.10938,0.11018,0.10998,0.10574,0.11019,0.11387,0.11452,0.1101,0.11016,0.10473,0.10239,0.10671,0.10283,0.09806,0.09625,0.09318,0.09244,0.09531,0.097,0.09781,0.10155,0.10135,0.1068,0.10345,0.1053,0.10258,0.10419,0.10048,0.10132,0.09786,0.09644,0.100900098,0.101104657,0.100290584,0.099733771,0.100282628,0.099882569,0.09946398,0.099300494,0.099151803,0.098492378,0.097986211,0.097845263,0.097380548,0.096775722,0.096380429,0.096087752,0.095590225,0.095133706,0.094843464,0.094469267,0.094011235,0.093651314,0.093348206,0.092946913,0.092538945,0.092207691,0.091855255,0.091451037,0.091081296,0.090743549,0.09036622,0.089979162,0.089629295,0.089278393
0.12919,0.16354,0.16758,0.14112,0.13093,0.137,0.12745,0.12423,0.12819,0.12919,0.12747,0.13522,0.13797,0.14015,0.14264,0.14955,0.1477,0.14378,0.14801,0.14955,0.13952,0.1336,0.12975,0.12798,0.1252,0.11867,0.11518,0.10372,0.0965,0.08801,0.08364,0.08038,0.09013,0.08967,0.09555,0.09805,0.09715,0.09318,0.0959,0.09225,0.09524,0.09733,0.09931,0.09821,0.09556,0.10015,0.10277,0.10324,0.10265,0.10381,0.10201,0.10226,0.10226,0.10127,0.0986,0.09843,0.09657,0.09575,0.09547,0.09898,0.09996,0.10368,0.10374,0.10745,0.10554,0.1073,0.10902,0.10836,0.10082,0.10126,0.09782,0.10114,0.094912373,0.095095067,0.094367898,0.093870355,0.09436079,0.094003328,0.093629231,0.0934831,0.093350184,0.092760595,0.092307897,0.092181817,0.091766059,0.0912248,0.09087096,0.090608928,0.090163401,0.089754495,0.089494471,0.089159175,0.088748667,0.08842602,0.088154254,0.087794386,0.087428453,0.087131268,0.086815022,0.086452235,0.086120321,0.085817067,0.085478207,0.085130536,0.084816206,0.084500884
0.11412,0.14277,0.14679,0.12459,0.11381,0.10372,0.11575,0.11391,0.10823,0.10985,0.11021,0.1124,0.11969,0.11655,0.11816,0.12246,0.12691,0.12839,0.12485,0.12514,0.1216,0.11111,0.10896,0.10719,0.10047,0.09917,0.09627,0.0838,0.07565,0.07247,0.07137,0.06739,0.06438,0.07421,0.07433,0.08218,0.08229,0.07706,0.07694,0.07973,0.0791,0.08252,0.08423,0.08333,0.0831,0.08879,0.0916,0.09654,0.09261,0.0951,0.09331,0.09367,0.09241,0.09274,0.09523,0.09129,0.09099,0.09478,0.09618,0.09739,0.10197,0.10521,0.10617,0.10999,0.1088,0.10981,0.10803,0.10743,0.10575,0.10763,0.10759,0.10455,0.085940974,0.086086276,0.085507738,0.085111579,0.08550208,0.085217481,0.084919497,0.084803058,0.084697129,0.084227032,0.083865835,0.083765201,0.083433233,0.083000782,0.082717905,0.082508338,0.082151847,0.081824469,0.081616196,0.081347521,0.081018413,0.080759612,0.080541536,0.080252637,0.079958721,0.079719914,0.079465681,0.079173895,0.078906808,0.078662676,0.078389754,0.078109599,0.077856191,0.077601868
0.10431,0.12906,0.13284,0.1135,0.10308,0.11047,0.0982,0.11049,0.10653,0.10449,0.10451,0.10943,0.10762,0.11339,0.10853,0.11095,0.11421,0.12099,0.11937,0.11969,0.11151,0.10506,0.10069,0.09662,0.09105,0.08424,0.08393,0.07213,0.06768,0.05816,0.05645,0.05447,0.05154,0.05457,0.06871,0.06357,0.06681,0.06339,0.06378,0.06433,0.06714,0.06603,0.07122,0.06923,0.07128,0.07814,0.07772,0.07963,0.07869,0.08078,0.08048,0.08042,0.08629,0.08612,0.08292,0.0842,0.08381,0.08714,0.09404,0.09396,0.09587,0.09887,0.10218,0.10492,0.10462,0.10654,0.10509,0.10532,0.10123,0.10538,0.1027,0.10172,0.07465288,0.074809696,0.074185692,0.073758989,0.074179595,0.073873009,0.07355227,0.073427013,0.073313099,0.072807979,0.072420337,0.072312407,0.071956593,0.071493593,0.071191049,0.070967073,0.070586388,0.070237144,0.070015135,0.069728945,0.069378693,0.069103508,0.06887179,0.068565055,0.068253267,0.068000143,0.067730869,0.067422079,0.067139668,0.066881732,0.066593607,0.066298099,0.066031024,0.065763198
0.09853,0.12077,0.12412,0.10653,0.09712,0.09578,0.09237,0.08628,0.09935,0.09639,0.09099,0.09164,0.09279,0.09173,0.09496,0.09575,0.09632,0.0993,0.1025,0.10257,0.09703,0.09032,0.09065,0.08261,0.07666,0.07165,0.06991,0.06229,0.05426,0.04597,0.04545,0.04352,0.04371,0.04563,0.04762,0.05356,0.05045,0.05001,0.05088,0.05144,0.05426,0.05536,0.05503,0.05857,0.05781,0.06157,0.06469,0.06695,0.06593,0.06779,0.06988,0.07347,0.07611,0.07359,0.07275,0.07131,0.07654,0.0767,0.07957,0.08742,0.08925,0.09176,0.09516,0.09783,0.09524,0.09967,0.1006,0.09852,0.09573,0.09546,0.09544,0.09818,0.063223851,0.063371537,0.062784072,0.062382672,0.062778334,0.062489906,0.062188306,0.062070563,0.061963502,0.061488996,0.061125096,0.061023815,0.060690043,0.060256,0.059972548,0.059762792,0.059406447,0.059079722,0.058872123,0.058604616,0.058277397,0.058020438,0.057804157,0.05751798,0.057227236,0.056991306,0.056740431,0.056452876,0.056190017,0.055950044,0.055682109,0.055407443,0.055159322,0.054910615
0.09495,0.11542,0.11824,0.10174,0.09374,0.08986,0.08777,0.08413,0.07979,0.08971,0.08315,0.08439,0.08355,0.08636,0.08617,0.08981,0.0891,0.0862,0.08777,0.09234,0.08472,0.07893,0.07707,0.07632,0.0701,0.0625,0.0582,0.0501,0.04483,0.04236,0.03742,0.03476,0.03334,0.03615,0.03862,0.03736,0.04293,0.04137,0.03998,0.04006,0.04182,0.04371,0.04595,0.04615,0.046,0.04923,0.05327,0.05502,0.05704,0.05851,0.05776,0.0606,0.06361,0.06464,0.06253,0.06311,0.06599,0.06582,0.07017,0.07502,0.07935,0.08205,0.08425,0.09251,0.08903,0.08936,0.08957,0.08885,0.08706,0.09327,0.08946,0.08815,0.052674338,0.052824859,0.052226578,0.051818505,0.052220741,0.051927464,0.051621117,0.051501611,0.051392991,0.050912077,0.050543823,0.050441417,0.050104206,0.04966631,0.04938072,0.049169576,0.048811252,0.048483133,0.048274859,0.048006723,0.047679106,0.047422121,0.047206015,0.046920347,0.046630444,0.046395437,0.046145783,0.04585993,0.045598909,0.045360854,0.045095328,0.044823426,0.044578062,0.044332364
0.08652,0.10406,0.10591,0.09108,0.08565,0.0808,0.0791,0.07687,0.07603,0.07497,0.07791,0.07647,0.07508,0.07141,0.07395,0.076,0.07834,0.07933,0.07365,0.07695,0.07636,0.06912,0.06834,0.06685,0.06146,0.05443,0.05497,0.04382,0.03768,0.03239,0.03183,0.02767,0.0289,0.02918,0.03207,0.0321,0.0318,0.03379,0.03222,0.03165,0.03335,0.03461,0.03608,0.03893,0.03831,0.03946,0.043,0.0453,0.04441,0.04443,0.04798,0.04899,0.05263,0.05375,0.05328,0.05452,0.05723,0.05642,0.06131,0.06654,0.06852,0.07322,0.07526,0.07714,0.07598,0.07766,0.08131,0.08413,0.08302,0.08098,0.08172,0.08009,0.043792405,0.043934277,0.043370697,0.042986786,0.043365203,0.043089254,0.04280123,0.042688933,0.042586895,0.042135474,0.041790188,0.041694228,0.041378428,0.040968761,0.04070184,0.040504632,0.040170215,0.039864276,0.039670223,0.039420561,0.039115769,0.038876883,0.038676131,0.038410947,0.038142053,0.03792424,0.037693013,0.037428463,0.037187088,0.036967109,0.036721929,0.03647106,0.036244851,0.036018501
0.07519,0.0891,0.0906,0.07831,0.07434,0.07288,0.07247,0.06857,0.06786,0.0677,0.0598,0.06791,0.06419,0.06553,0.06377,0.06657,0.06502,0.06791,0.06543,0.06568,0.06429,0.0624,0.0585,0.05639,0.04988,0.04615,0.04298,0.03638,0.03218,0.02592,0.02422,0.02432,0.02034,0.02119,0.02607,0.02448,0.0258,0.02415,0.02617,0.02464,0.02652,0.02581,0.02655,0.03011,0.02832,0.03002,0.03314,0.03371,0.03348,0.03544,0.03729,0.03874,0.0436,0.04212,0.04427,0.04396,0.04634,0.04644,0.04842,0.05269,0.05717,0.06064,0.0639,0.06632,0.06596,0.06857,0.06943,0.06747,0.06832,0.07125,0.07071,0.07122,0.034557589,0.034687588,0.034171573,0.03382068,0.034166548,0.033914286,0.033651262,0.03354879,0.033455717,0.033044386,0.032730243,0.032643013,0.032356168,0.031984587,0.031742803,0.031564329,0.031262003,0.030985775,0.030810745,0.030585759,0.030311402,0.030096611,0.029916271,0.029678282,0.029437232,0.029242175,0.029035302,0.028798866,0.028583376,0.028387185,0.028168738,0.027945465,0.027744351,0.027543314
0.06518,0.07562,0.07734,0.06764,0.06389,0.05804,0.05821,0.057,0.05594,0.05669,0.05193,0.05172,0.05907,0.05545,0.05343,0.05296,0.0547,0.05253,0.05456,0.05319,0.05158,0.04838,0.04875,0.04474,0.03921,0.03581,0.03443,0.02908,0.02673,0.02249,0.02153,0.01897,0.01742,0.01701,0.01874,0.01957,0.0203,0.0178,0.01701,0.01951,0.01988,0.01907,0.01927,0.02094,0.02069,0.02343,0.02417,0.02659,0.02658,0.02694,0.03081,0.03004,0.03113,0.03276,0.03117,0.03384,0.03558,0.03522,0.0406,0.04361,0.04476,0.04508,0.0512,0.05446,0.05266,0.05393,0.05474,0.05513,0.0543,0.05865,0.05672,0.05496,0.026593466,0.026703992,0.026265529,0.025967766,0.026261262,0.026047167,0.025824116,0.025737266,0.025658407,0.025310167,0.025044512,0.024970793,0.024728525,0.024415022,0.024211233,0.02406091,0.023806472,0.023574224,0.023427172,0.023238279,0.023008133,0.022828105,0.022677057,0.022477869,0.022276289,0.022113297,0.021940556,0.021743288,0.021563643,0.02140021,0.021218375,0.021032677,0.020865541,0.020698596
0.05565,0.06294,0.06504,0.0578,0.05376,0.05338,0.04793,0.05354,0.05043,0.04853,0.04655,0.0466,0.04725,0.05095,0.04708,0.04768,0.0467,0.04859,0.04638,0.05117,0.04723,0.04155,0.04039,0.03779,0.03567,0.03114,0.02837,0.02567,0.02212,0.0174,0.01697,0.01399,0.01399,0.01302,0.01421,0.01343,0.01361,0.01502,0.01448,0.01294,0.01402,0.01483,0.01505,0.01487,0.01614,0.01713,0.01832,0.01809,0.01907,0.02001,0.01939,0.02241,0.02399,0.02326,0.02375,0.02648,0.02706,0.02789,0.02913,0.03234,0.0337,0.03634,0.0396,0.0388,0.04274,0.04338,0.04379,0.04248,0.04342,0.04549,0.04529,0.04339,0.019829404,0.019928865,0.019534796,0.019267954,0.019530969,0.019339048,0.019139446,0.019061822,0.018991387,0.018680883,0.018444607,0.018379132,0.018164237,0.017886801,0.017706851,0.017574312,0.017350365,0.017146379,0.017017436,0.01685205,0.016650919,0.016493877,0.01636231,0.01618909,0.016014112,0.015872868,0.01572341,0.015553028,0.015398145,0.015257469,0.015101215,0.014941926,0.014798807,0.014656087
0.04614,0.05075,0.05312,0.04801,0.04376,0.04384,0.04133,0.04185,0.04087,0.03949,0.03991,0.03776,0.03854,0.03617,0.0403,0.03648,0.03952,0.0378,0.0347,0.03907,0.03714,0.03261,0.03168,0.02917,0.02891,0.02287,0.02171,0.01881,0.01651,0.01465,0.01267,0.01161,0.00937,0.01035,0.01088,0.0107,0.01004,0.00982,0.01032,0.00981,0.01006,0.01013,0.00986,0.01009,0.01041,0.0115,0.01342,0.01321,0.01448,0.01513,0.01498,0.01575,0.01699,0.01742,0.01811,0.0188,0.01889,0.01997,0.02228,0.02342,0.02521,0.02581,0.02879,0.0299,0.03109,0.03196,0.03327,0.03335,0.03299,0.03483,0.03419,0.03462,0.014428083,0.01450779,0.014192231,0.013978915,0.014189168,0.014035719,0.013876291,0.013814336,0.013758141,0.013510663,0.013322624,0.013270559,0.01309981,0.012879669,0.012737066,0.012632128,0.012454999,0.012293859,0.0121921,0.012061694,0.011903278,0.011779722,0.011676302,0.011540266,0.011402999,0.011292307,0.011175285,0.011042017,0.010921001,0.010811191,0.010689342,0.010565257,0.010453882,0.010342927
0.03673,0.03962,0.04081,0.03764,0.03383,0.03151,0.03169,0.03037,0.02739,0.02879,0.0281,0.02806,0.02883,0.03093,0.02737,0.02859,0.02776,0.02869,0.02682,0.02836,0.02648,0.02507,0.02549,0.0226,0.02097,0.01865,0.0165,0.0154,0.01188,0.01148,0.00909,0.00879,0.00836,0.00694,0.00723,0.00736,0.00699,0.00761,0.00805,0.00723,0.00677,0.00709,0.00691,0.00649,0.00725,0.00704,0.00914,0.0082,0.00868,0.00927,0.01079,0.01111,0.01204,0.01232,0.01211,0.01233,0.01311,0.01386,0.01546,0.01637,0.01767,0.01732,0.01912,0.02094,0.02089,0.02257,0.0226,0.02277,0.02382,0.02499,0.02331,0.02563,0.009984966,0.010044679,0.009808432,0.009648976,0.009806142,0.009691419,0.009572334,0.009526087,0.009484154,0.009299656,0.009159656,0.009120921,0.008993975,0.008830509,0.008724741,0.008646972,0.008515823,0.008396645,0.008321451,0.008225164,0.008108311,0.008017261,0.007941108,0.007841025,0.007740135,0.007658849,0.007572987,0.007475295,0.007386667,0.007306317,0.007217236,0.007126606,0.007045333,0.006964438
0.02756,0.02898,0.02996,0.02798,0.02493,0.02305,0.02149,0.02033,0.02061,0.02062,0.02035,0.01922,0.01862,0.01959,0.0182,0.01867,0.02148,0.02015,0.01829,0.02023,0.01687,0.01824,0.01863,0.01501,0.01346,0.01274,0.01264,0.01053,0.00818,0.0076,0.00647,0.00555,0.0054,0.00426,0.00549,0.00478,0.00539,0.00509,0.00399,0.0045,0.00413,0.00386,0.00424,0.00422,0.00447,0.00528,0.00526,0.00542,0.00609,0.00579,0.00585,0.00714,0.00621,0.00738,0.00822,0.00858,0.00823,0.00785,0.00938,0.01113,0.0108,0.0121,0.01235,0.01411,0.01281,0.01397,0.01497,0.01483,0.01517,0.01655,0.01605,0.01735,0.00632081,0.00636216,0.006198699,0.006088577,0.006197116,0.006117872,0.006035708,0.006003826,0.005974929,0.005847933,0.005751724,0.005725128,0.005638043,0.005526076,0.005453732,0.005400591,0.005311076,0.005229844,0.005178647,0.005113151,0.005033763,0.004971979,0.004920354,0.004852578,0.004784336,0.004729415,0.004671462,0.004605599,0.004545916,0.004491866,0.004432007,0.004371178,0.004316692,0.004262517
0.01914,0.01929,0.02095,0.0194,0.01718,0.01902,0.01595,0.01675,0.01616,0.01666,0.01538,0.01536,0.01515,0.01498,0.01517,0.01426,0.01383,0.01556,0.01559,0.01466,0.01441,0.01311,0.01174,0.01145,0.01078,0.00881,0.00916,0.00707,0.00532,0.00456,0.00549,0.00337,0.00359,0.00309,0.00347,0.00335,0.0035,0.00335,0.00271,0.00289,0.00321,0.00262,0.0021,0.00222,0.00312,0.00269,0.00293,0.00361,0.00299,0.00346,0.0041,0.00372,0.00417,0.00435,0.00419,0.00462,0.00528,0.00504,0.00578,0.00633,0.00637,0.00712,0.00693,0.00761,0.00872,0.00821,0.00881,0.0089,0.00923,0.00872,0.00953,0.01007,0.003826676,0.003855832,0.003740761,0.003663518,0.003739649,0.003684044,0.003626515,0.003604227,0.003584042,0.003495525,0.003428675,0.003410228,0.003349922,0.00327261,0.003222794,0.003186269,0.003124879,0.003069315,0.003034368,0.002989744,0.002935779,0.002893878,0.002858932,0.002813144,0.002767147,0.002730207,0.002691304,0.002647186,0.002607298,0.002571248,0.002531407,0.002491011,0.002454905,0.002419079
0.01231,0.01187,0.01369,0.01241,0.01101,0.01029,0.00963,0.00934,0.00982,0.00967,0.00878,0.00892,0.01037,0.0085,0.00766,0.00839,0.00843,0.00814,0.00889,0.00887,0.00788,0.00914,0.00738,0.00633,0.00582,0.00511,0.00504,0.00421,0.00382,0.00372,0.00263,0.00283,0.00254,0.00195,0.00223,0.00215,0.00153,0.00177,0.00173,0.00193,0.00162,0.00163,0.00192,0.00135,0.00167,0.0016,0.00183,0.00173,0.00191,0.00218,0.00193,0.00262,0.00237,0.00225,0.00277,0.00276,0.00289,0.00312,0.00292,0.00347,0.00364,0.00384,0.00365,0.00463,0.00479,0.00471,0.00553,0.00488,0.00557,0.00554,0.00589,0.00631,0.002295948,0.002313244,0.002244973,0.002199132,0.002244313,0.002211315,0.002177169,0.002163938,0.002151955,0.002099396,0.002059694,0.002048736,0.002012911,0.001966971,0.001937363,0.001915652,0.001879154,0.001846112,0.001825328,0.001798783,0.001766677,0.001741743,0.001720945,0.00169369,0.001666306,0.00164431,0.001621141,0.001594862,0.001571099,0.001549618,0.001525875,0.001501797,0.001480272,0.00145891
0.00735,0.00684,0.00822,0.00725,0.00652,0.00632,0.00576,0.00572,0.00588,0.00532,0.0056,0.00512,0.00515,0.00477,0.00473,0.0045,0.00464,0.00502,0.00383,0.00543,0.00475,0.00401,0.00385,0.00414,0.00332,0.00266,0.0027,0.00196,0.00206,0.00193,0.00166,0.00127,0.001,0.00142,0.00094,0.0009,0.00126,0.0007,0.00101,0.00126,0.00097,0.00118,0.00072,0.00072,0.00089,0.00055,0.00084,0.001,0.00108,0.00091,0.0009,0.00076,0.00116,0.00144,0.00153,0.001,0.00149,0.0016,0.0013,0.00179,0.00178,0.00196,0.00213,0.0019,0.00254,0.00219,0.0022,0.00245,0.00236,0.00267,0.00231,0.00259,0.001119507,0.001128765,0.001092263,0.001067813,0.00109191,0.001074306,0.001056117,0.001049076,0.001042703,0.001014792,0.000993752,0.000987953,0.000969011,0.000944771,0.000929178,0.000917758,0.000898588,0.000881265,0.000870384,0.000856505,0.000839744,0.000826748,0.000815921,0.000801753,0.000787539,0.000776139,0.000764147,0.000750566,0.000738303,0.000727234,0.000715016,0.000702644,0.000691601,0.000680657
0.0045,0.00396,0.0051,0.00446,0.0041,0.00318,0.00317,0.00247,0.00274,0.00284,0.00257,0.00233,0.00246,0.00236,0.00241,0.00262,0.00219,0.00284,0.00278,0.00229,0.00276,0.00209,0.00229,0.00219,0.00225,0.00178,0.00135,0.00103,0.00073,0.00134,0.00114,0.00064,0.00078,0.0005,0.00058,0.00051,0.00044,0.00043,0.00057,0.00047,0.00044,0.00045,0.00034,0.00039,0.00046,0.00043,0.00064,0.00035,0.00027,0.00034,0.00041,0.00048,0.00039,0.00063,0.00069,0.00063,0.00058,0.0007,0.00053,0.00077,0.00074,0.00062,0.00116,0.00118,0.0011,0.00122,0.00169,0.00131,0.0015,0.0018,0.00165,0.00176,0.000547836,0.000552713,0.0005335,0.000520659,0.000533315,0.000524067,0.000514523,0.000510833,0.000507494,0.000492888,0.000481899,0.000478873,0.000468999,0.000456385,0.000448283,0.000442356,0.00043242,0.000423455,0.00041783,0.000410664,0.000402022,0.00039533,0.000389761,0.000382481,0.000375189,0.000369347,0.000363209,0.000356266,0.000350005,0.000344361,0.000338138,0.000331846,0.000326236,0.000320684
